{
    "chapterInfoDict": {
        "m_keys": [
            0,
            1
        ],
        "m_values": [
            {
                "levelInfoDict": {
                    "m_keys": [
                        0,
                        1,
                        2,
                        3
                    ],
                    "m_values": [
                        1,
                        1,
                        1,
                        1
                    ]
                }
            },
            {
                "levelInfoDict": {
                    "m_keys": [
                        0,
                        1,
                        2,
                        3,
                        4
                    ],
                    "m_values": [
                        1,
                        1,
                        1,
                        1,
                        1
                    ]
                }
            }
        ]
    },
    "chapterTimerInfoDict": {
        "m_keys": [
            0,
            1,
            2
        ],
        "m_values": [
            {
                "levelTimerInfoDict": {
                    "m_keys": [
                        0,
                        1,
                        2,
                        3
                    ],
                    "m_values": [
                        3.8109002113342287,
                        26.948436737060548,
                        24.249988555908204,
                        5.949697971343994
                    ]
                }
            },
            {
                "levelTimerInfoDict": {
                    "m_keys": [
                        0,
                        1,
                        2,
                        3,
                        4
                    ],
                    "m_values": [
                        52.75406265258789,
                        15.959220886230469,
                        11.147781372070313,
                        11.816194534301758,
                        9.250137329101563
                    ]
                }
            },
            {
                "levelTimerInfoDict": {
                    "m_keys": [
                        0
                    ],
                    "m_values": [
                        100
                    ]
                }
            }
        ]
    }
}